{
  "candidate_name": "got_ocr2_handwritten",
  "model_version": "",
  "timestamp": "2026-06-11T19:07:52",
  "gpu_name": "NVIDIA GeForce RTX 5070 Ti Laptop GPU",
  "vram_total_mb": 12226,
  "latency_total_avg": 38.94977568700051,
  "latency_total_std": 0.0,
  "latency_stage1_ocr": 38.928916274002404,
  "latency_stage2_errors": 0.0,
  "cer": 4.319148936170213,
  "wer": 1.2432432432432432,
  "reading_order_tau": 0.0,
  "error_detection_f1": 0.0,
  "bounding_box_iou": 0.0,
  "vram_peak_mb": 3430,
  "throughput_ppm": 1.5404453284187976,
  "setup_complexity": 0,
  "flexibility": 0,
  "sample_outputs": [
    {
      "text": "Mr. Kh ush cho u said he hop col his week eu o talks with President Kennedy would help\" to es laS e is hah oh d ul in s peace S elwe eh hao w.  Rep lg is ho a far well pe ch from Hush ian Pre sid oct S doer d, he So u let Pre nii er th auk eod Hush i a for the hospital i ly and welcome he had received.  4 The So u iet Union ha alwa gp show an ol is shi u ing to safe guard an on d turing peace for he pe opes, ho secure an ari ly shi u on of the1111111111111111111111111111111111111111111111111111111111111111111111111111111111111111111111111111111111111111111111111111111111111111111111111111111111111111111111111111111111111111111111111111111111111111111111111111111111111111111111111111111111111111111111111111111111111111111111111111111111111111111111111111111111111111111111111111111111111111111111111111111111111111111111111111111111111111111111111111111111111111111111111111111111111111111111111111111111111111111111111111111111111111111111111111111111111111111111111111111111111111111111111111111111111111111111111111111111111111111111111111111111111111111111111111111111111111111111111111111111111111111111111111111111111111111111111111111111111111111111111111111111111111111111111111111111111111111111111111111111111111111111111111111111111111111111111111111111111111111111111111111111111111111111111111111111111111111111111111111111111111111111111111111111111111111111111111111111111111111111111111111111111111111111111111111111111111111111111111111111111111111111111111111111111111111111111111111111111111111111111111111111111111111111111111111111111111111111111111111111111111111111111111111111111111111111111111111111111111111111111111111111111111111111111111111111111111111111111111111111111111111111111111111111111111111111111111111111111111111111111111111111111111111111111111111111111111111111111111111111111111111111111111111111111111111111111111111111111111111111111111111111111111111111111111111111111111111111111111111111111111111111111111111111111111111111111111111111111111111111111111111111111111111111111111111111111111111111111111111111111111111111111111111111111111111111111111111111111111111111111111111111111111111111111111111111111111111111111111111111111111111111111111111111111111111111111111111111111111111111111111111111111111111111111111111111111111111111111111",
      "blocks": [
        {
          "bbox": [
            0,
            0,
            0,
            0
          ],
          "text": "Mr. Kh ush cho u said he hop col his week eu o talks with President Kennedy would help\" to es laS e is hah oh d ul in s peace S elwe eh hao w.  Rep lg is ho a far well pe ch from Hush ian Pre sid oct S doer d, he So u let Pre nii er th auk eod Hush i a for the hospital i ly and welcome he had received.  4 The So u iet Union ha alwa gp show an ol is shi u ing to safe guard an on d turing peace for he pe opes, ho secure an ari ly shi u on of the1111111111111111111111111111111111111111111111111111111111111111111111111111111111111111111111111111111111111111111111111111111111111111111111111111111111111111111111111111111111111111111111111111111111111111111111111111111111111111111111111111111111111111111111111111111111111111111111111111111111111111111111111111111111111111111111111111111111111111111111111111111111111111111111111111111111111111111111111111111111111111111111111111111111111111111111111111111111111111111111111111111111111111111111111111111111111111111111111111111111111111111111111111111111111111111111111111111111111111111111111111111111111111111111111111111111111111111111111111111111111111111111111111111111111111111111111111111111111111111111111111111111111111111111111111111111111111111111111111111111111111111111111111111111111111111111111111111111111111111111111111111111111111111111111111111111111111111111111111111111111111111111111111111111111111111111111111111111111111111111111111111111111111111111111111111111111111111111111111111111111111111111111111111111111111111111111111111111111111111111111111111111111111111111111111111111111111111111111111111111111111111111111111111111111111111111111111111111111111111111111111111111111111111111111111111111111111111111111111111111111111111111111111111111111111111111111111111111111111111111111111111111111111111111111111111111111111111111111111111111111111111111111111111111111111111111111111111111111111111111111111111111111111111111111111111111111111111111111111111111111111111111111111111111111111111111111111111111111111111111111111111111111111111111111111111111111111111111111111111111111111111111111111111111111111111111111111111111111111111111111111111111111111111111111111111111111111111111111111111111111111111111111111111111111111111111111111111111111111111111111111111111111111111111111111111111111111111111111111",
          "confidence": 1.0
        }
      ],
      "stage1_latency": 38.928916274002404
    }
  ],
  "notes": "GOT-OCR2.0 on cropped handwritten region."
}